<?xml version="1.0" encoding="UTF-8"?>
<window>
    <coordinates>
        <left>485</left>
        <top>345</top>
    </coordinates>
    <controls>
        <control type="group">
            <control type="image">
                <left>-70</left>
                <top>0</top>
                <width>1050</width>
                <height>450</height>
                <texture border="2">Background/ContentPanel.png</texture>
            </control>
            <control type="image" id="101">
                <left>-60</left>
                <top>10</top>
                <width>1030</width>
                <height>370</height>
            </control>
            <control type="label" id="100">
                <description>header label4</description>
                <posx>950</posx>
                <posy>70</posy>
                <width>950</width>
                <height>140</height>
                <font>font14</font>
                <label></label>
                <align>right</align>
                <aligny>right</aligny>
				<!-- <visible>false</visible> -->
            </control>
            <control type="label" id="102">
                <description>header label</description>
                <posx>0</posx>
                <posy>20</posy>
                <width>950</width>
                <height>40</height>
                <font>font14</font>
                <label></label>
                <align>center</align>
                <aligny>center</aligny>
				<!-- <visible>false</visible> -->
            </control>
            <control type="image" id="103">
                <left>20</left>
                <top>70</top>
                <width>300</width>
                <height>300</height>
				 <visible>false</visible>
                <aspectratio aligny="center" align="center">keep</aspectratio>
            </control>
<!--             <control type="image">
                <left>20</left>
                <top>70</top>
                <width>300</width>
                <height>300</height>
				
                <texture border="2">Button/qr.jpg</texture>
            </control> -->
            <control type="image">
                <posx>320</posx>
                <posy>0</posy>
                <width>350</width>
                <height>70</height>

				<texture border="2">Background/tv.png</texture>
                <!-- <visible>Skin.String(headerimagetype)</visible> -->
				<!-- <visible>false</visible> -->
            </control>
            <control type="textbox" id="104">
                <left>370</left>
                <top>100</top>
                <width>500</width>
                <height>300</height>
                <font>font14</font>
                <align>right</align>
                <aligny>top</aligny>
                <pagecontrol>105</pagecontrol>
                <onup>105</onup>
                <ondown>105</ondown>
                <onleft>105</onleft>
                <onright>105</onright>
				<visible>false</visible>
            </control>
            <control type="scrollbar" id="105">
                <left>910</left>
                <top>70</top>
                <width>30</width>
                <height>300</height>
                <subtype>text</subtype>
                <visible>false</visible>
                <texturesliderbackground>Button/scrollbar-V-background.png</texturesliderbackground>
                <texturesliderbar>Button/scrollbar-V.png</texturesliderbar>
                <texturesliderbarfocus colordiffuse="FF12B2E7">Button/scrollbar-V-focus.png</texturesliderbarfocus>
                <orientation>vertical</orientation>
                <showonepage>true</showonepage>
                <onup>104</onup>
                <ondown>104</ondown>
                <onleft>104</onleft>
                <onright>104</onright>
            </control>
            <control type="button" id="106">
                <left>850</left>
                <top>15</top>
                <width>80</width>
                <height>35</height>
                <font>font12</font>
                <textcolor>FFF0F0F0</textcolor>
                <textoffsetx>20</textoffsetx>
                <label></label>
                <align>center</align>
                <aligny>center</aligny>
                <texturefocus>Button/DialogCloseButton2.png</texturefocus>
                <texturenofocus>Button/DialogCloseButton-focus2.png</texturenofocus>
                <!-- <onup>202</onup> -->
                <ondown>202</ondown>
                <onleft>202</onleft>
                <!-- <onright>201</onright> -->
            </control>
            <control type="label" id="107">
                <description>header label2</description>
                <posx>950</posx>
                <posy>120</posy>
                <width>950</width>
                <height>40</height>
                <font>font14</font>
                <label></label>
                <align>right</align>
                <aligny>right</aligny>
				<!-- <visible>false</visible> -->
            </control>
            <control type="label" id="108">
                <description>header label3</description>
                <posx>950</posx>
                <posy>170</posy>
                <width>950</width>
                <height>40</height>
                <font>font14</font>
                <label></label>
                <align>right</align>
                <aligny>right</aligny>
				<!-- <visible>false</visible> -->
            </control>
            <control type="label" id="109">
                <description>header label4</description>
                <posx>950</posx>
                <posy>220</posy>
                <width>950</width>
                <height>40</height>
                <font>font14</font>
                <label></label>
                <align>right</align>
                <aligny>right</aligny>
				<!-- <visible>false</visible> -->
            </control>
            <control type="label" id="110">
                <description>header label4</description>
                <posx>950</posx>
                <posy>270</posy>
                <width>950</width>
                <height>140</height>
                <font>font14</font>
                <label></label>
                <align>right</align>
                <aligny>right</aligny>
				<!-- <visible>false</visible> -->
            </control>
            <control type="label" id="110">
                <description>header label4</description>
                <posx>950</posx>
                <posy>270</posy>
                <width>950</width>
                <height>140</height>
                <font>font14</font>
                <label></label>
                <align>right</align>
                <aligny>right</aligny>
				<!-- <visible>false</visible> -->
            </control>
            <control type="label" id="111">
                <description>header label4</description>
                <posx>950</posx>
                <posy>325</posy>
                <width>950</width>
                <height>140</height>
                <font>font14</font>
                <label></label>
                <align>right</align>
                <aligny>right</aligny>
				<!-- <visible>false</visible> -->
            </control>
            <control type="button" id="202">
                <left>180</left>
                <top>323</top>
                <width>270</width>
                <height>50</height>
				
                <textcolor>FFF0F0F0</textcolor>
                <textoffsetx>20</textoffsetx>
                <label>רשום מכשיר זה</label>

				<font>font14</font>
                <align>center</align>
                <aligny>center</aligny>
                <texturefocus colordiffuse="ffe52b50">Button/testbuttonfo.png</texturefocus>
                <texturenofocus colordiffuse="gray">Button/testbuttonnf.png</texturenofocus>
                <onright>106</onright>
				<onleft>203</onleft>
                <onup>106</onup>
                <!-- <visible>Skin.String(serial)</visible> -->
            </control>
            <control type="button" id="203">
                <left>0</left>
                <top>220</top>
                <width>125</width>
                <height>50</height>
				
                <textcolor>FFF0F0F0</textcolor>
                <textoffsetx>20</textoffsetx>
                <label>מימוש</label>

				<font>font14</font>
                <align>center</align>
                <aligny>center</aligny>
                <texturefocus colordiffuse="ffe52b50">Button/testbuttonfo.png</texturefocus>
                <texturenofocus colordiffuse="gray">Button/testbuttonnf.png</texturenofocus>
                <onright>202</onright>
				<onright>106</onright>
				<ondown>202</ondown>
                <onup>106</onup>
				 <visible>false</visible>
                <!-- <visible>Skin.String(points)</visible> -->
            </control>
            <control type="label" id="120">
                <description>header label4</description>
                <posx>950</posx>
                <posy>380</posy>
                <width>950</width>
                <height>140</height>
                <font>font14</font>
                <label></label>
                <align>right</align>
                <aligny>right</aligny>
				<!-- <visible>false</visible> -->
            </control>
			
        </control>
    </controls>
</window>
