<?xml version="1.0" encoding="UTF-8"?>
    <window>
        <defaultcontrol always="true">5</defaultcontrol>
        <coordinates>
            <left>240</left>
            <top>20</top>
        </coordinates>
        <include>dialogeffect</include>
        <controls>
            <include content="DialogBackgroundCommons">
                <param name="DialogBackgroundWidth" value="800" />
                <param name="DialogBackgroundHeight" value="630" />
                <param name="DialogHeaderWidth" value="720" />
                <param name="DialogHeaderLabel" value="" />
                <param name="DialogHeaderId" value="2" />
                <param name="CloseButtonLeft" value="710" />
                <param name="CloseButtonNav" value="3" />
            </include>
            <control type="grouplist" id="3">
                <description>button area</description>
                <left>45</left>
                <top>70</top>
                <width>710</width>
                <height>40</height>
                <itemgap>5</itemgap>
                <align>center</align>
                <orientation>horizontal</orientation>
                <onleft>3</onleft>
                <onright>3</onright>
                <onup>5</onup>
                <ondown>5</ondown>
            </control>
                <control type="button" id="10">
                <description>Default Button</description>
                <height>40</height>
                <font>font13</font>
                <textcolor>grey2</textcolor>
                <focusedcolor>white</focusedcolor>
                <texturefocus border="5">button-focus2.png</texturefocus>
                </control>
            <control type="image">
                <description>Has Previous</description>
                <left>25</left>
                <top>80</top>
                <width>20</width>
                <height>20</height>
                <texture>scroll-left-focus.png</texture>
                <visible>Container(3).HasPrevious</visible>
            </control>
            <control type="image">
                <description>Has Next</description>
                <left>755</left>
                <top>80</top>
                <width>20</width>
                <height>20</height>
                <texture>scroll-right-focus.png</texture>
                <visible>Container(3).HasNext</visible>
            </control>
            <control type="grouplist" id="5">
                <description>control area</description>
                <left>40</left>
                <top>120</top>
                <width>720</width>
                <height>420</height>
                <itemgap>5</itemgap>
                <pagecontrol>30</pagecontrol>
                <onup>3</onup>
                <ondown>9001</ondown>
                <onleft>2</onleft>
                <onright>30</onright>
            </control>
            <control type="scrollbar" id="30">
                <left>765</left>
                <top>120</top>
                <width>25</width>
                <height>380</height>
                <texturesliderbackground border="0,14,0,14">ScrollBarV.png</texturesliderbackground>
                <texturesliderbar border="2,16,2,16">ScrollBarV_bar.png</texturesliderbar>
                <texturesliderbarfocus border="2,16,2,16">ScrollBarV_bar_focus.png</texturesliderbarfocus>
                <textureslidernib>ScrollBarNib.png</textureslidernib>
                <textureslidernibfocus>ScrollBarNib.png</textureslidernibfocus>
                <onleft>2</onleft>
                <onright>2</onright>
                <showonepage>false</showonepage>
                <orientation>vertical</orientation>
            </control>
            <control type="group" id="9001">
                <top>565</top>
                <left>190</left>
                <control type="button" id="28">
                    <description>OK Button</description>
                    <left>0</left>
                    <top>0</top>
                    <width>200</width>
                    <height>40</height>
                    <align>center</align>
                    <aligny>center</aligny>
                    <font>font12_title</font>
                    <label>186</label>
                    <onleft>28</onleft>
                    <onright>29</onright>
                    <onup>5</onup>
                    <ondown>5</ondown>
                </control>
                <control type="button" id="29">
                    <description>Cancel Button</description>
                    <left>210</left>
                    <top>0</top>
                    <width>200</width>
                    <height>40</height>
                    <align>center</align>
                    <aligny>center</aligny>
                    <font>font12_title</font>
                    <label>222</label>
                    <onleft>28</onleft>
                    <onright>29</onright>
                    <onup>5</onup>
                    <ondown>5</ondown>
                </control>
    <!-- 			<control type="button" id="12">
                    <description>Defaults Button</description>
                    <left>420</left>
                    <top>0</top>
                    <width>200</width>
                    <height>40</height>
                    <align>center</align>
                    <aligny>center</aligny>
                    <font>font12_title</font>
                    <label>409</label>
                    <onleft>11</onleft>
                    <onright>10</onright>
                    <onup>2</onup>
                    <ondown>2</ondown>
                </control> -->
            </control>
            <control type="button" id="10">
                <description>Default Category Button</description>
                <height>40</height>
                <width>173</width>
                <align>center</align>
                <aligny>center</aligny>
                <font>font12_title</font>
                <textcolor>white</textcolor>
                <pulseonselect>false</pulseonselect>
            </control>
            <control type="button" id="7">
                <description>Default Button</description>
                <height>70</height>
                <font>font16</font>
                <textcolor>white</textcolor>
                <focusedcolor>white</focusedcolor>
                <texturefocus border="5">button-focus2.png</texturefocus>
            </control>
            <control type="radiobutton" id="8">
                <description>Default RadioButton</description>
                <height>70</height>
                <font>font16</font>
                <textwidth>668</textwidth>
                <textcolor>white</textcolor>
                <focusedcolor>white</focusedcolor>
                <texturefocus border="5">button-focus2.png</texturefocus>
            </control>
            <control type="spincontrolex" id="9">
                <description>Default spincontrolex</description>
                <height>70</height>
                <textcolor>grey2</textcolor>
                <focusedcolor>white</focusedcolor>
                <texturenofocus border="5">button-nofocus.png</texturenofocus>
                <texturefocus border="5">button-focus2.png</texturefocus>
                <font>font13</font>
                <aligny>center</aligny>
                <reverse>yes</reverse>
            </control>
            <control type="label" id="14">
                <height>35</height>
                <font>font16</font>
                <!-- <label>-</label> -->
                <textcolor>blue</textcolor>
                <shadowcolor>black</shadowcolor>
                <align>center</align>
                <aligny>center</aligny>
            </control>
            <control type="image" id="11">
                <description>Default Seperator</description>
                <height>2</height>
                <texture>separator2.png</texture>
            </control>
            <control type="sliderex" id="13">
                <description>Default Slider</description>
                <height>40</height>
                <font>font13</font>
                <textwidth>518</textwidth>
                <textcolor>grey2</textcolor>
                <focusedcolor>white</focusedcolor>
                <texturefocus border="5">button-focus2.png</texturefocus>
            </control>
        </controls>
    </window>
    
